name,image_url,youtube_url,year
Avengers: Age of Ultron,https://image.tmdb.org/t/p/w185/nveEFHidaEXZCG7zhfTc26hVqSu.jpg,https://www.youtube.com/watch?v=tmeOjFno6Do,2015
The Babadook,https://image.tmdb.org/t/p/w185/ohg11LlgBhuM2HKDslUpXSXjO6p.jpg,https://www.youtube.com/watch?v=k5WQZzDRVtw,2014
Birdman,https://image.tmdb.org/t/p/w185/zJF4JKbaYUhKFWbwY4u5WpvgvER.jpg,https://www.youtube.com/watch?v=uJfLoE6hanc,2014
Captain America: The Winter Soldier,https://image.tmdb.org/t/p/w185/pH4oeiZAh9a40tly4D0l6aAB3ms.jpg,https://www.youtube.com/watch?v=7SlILk2WMTI,2014
Dawn of the Planet of the Apes,https://image.tmdb.org/t/p/w185/2EUAUIu5lHFlkj5FRryohlH6CRO.jpg,https://www.youtube.com/watch?v=3sHMCRaS3ao,2014
Furious 7,https://image.tmdb.org/t/p/w185/xTbSn1UHkyhY7BinfDQg83o3qjv.jpg,https://www.youtube.com/watch?v=5Yab0sXGEjg,2015
Godzilla,https://image.tmdb.org/t/p/w185/szVwkB4H5yyOJBVuQ432b9boO0N.jpg,https://www.youtube.com/watch?v=I-EEqJ9HyTk,2014
Guardians of the Galaxy,https://image.tmdb.org/t/p/w185/9gm3lL8JMTTmc3W4BmNMCuRLdL8.jpg,https://www.youtube.com/watch?v=crIaEzXgqto,2014
The Hobbit: The Battle of the Five Armies,https://image.tmdb.org/t/p/w185/vgAHvS0bT3fpcpnJqT6uDTUsHTo.jpg,https://www.youtube.com/watch?v=iVAgTiBrrDA,2014
Inherent Vice,https://image.tmdb.org/t/p/w185/2fCg6FORkgRLpFIKlUg4gULIn1u.jpg,https://www.youtube.com/watch?v=OUZgOQ186-A,2014
Jurassic World,https://image.tmdb.org/t/p/w185/ce9vGDMexoihZ8ta3Zt60k4FChb.jpg,https://www.youtube.com/watch?v=RFinNxS5KN4,2015
Mad Max: Fury Road,https://image.tmdb.org/t/p/w185/oQoIl0j4Lk6NFvOA0u7UREF8Sxm.jpg,https://www.youtube.com/watch?v=cdLl1GVjOrc,2015
Star Wars: The Force Awakens,https://image.tmdb.org/t/p/w185/lPMLNr8IEvwRMy36sPd5Zw6dk6D.jpg,https://www.youtube.com/watch?v=erLk59H86ww,2015
Tomorrowland,https://image.tmdb.org/t/p/w185/xB8VUQG82pjoStqqDVpgasV8Ku7.jpg,https://www.youtube.com/watch?v=1k59gXTWf-A,2015
