name	image_url	youtube_url
Avengers: Age of Ultron	https://image.tmdb.org/t/p/w185/nveEFHidaEXZCG7zhfTc26hVqSu.jpg	https://www.youtube.com/watch?v=tmeOjFno6Do
The Babadook	https://image.tmdb.org/t/p/w185/ohg11LlgBhuM2HKDslUpXSXjO6p.jpg	https://www.youtube.com/watch?v=k5WQZzDRVtw
Birdman	https://image.tmdb.org/t/p/w185/zJF4JKbaYUhKFWbwY4u5WpvgvER.jpg	https://www.youtube.com/watch?v=uJfLoE6hanc
Captain America: The Winter Soldier	https://image.tmdb.org/t/p/w185/pH4oeiZAh9a40tly4D0l6aAB3ms.jpg	https://www.youtube.com/watch?v=7SlILk2WMTI
Dawn of the Planet of the Apes	https://image.tmdb.org/t/p/w185/2EUAUIu5lHFlkj5FRryohlH6CRO.jpg	https://www.youtube.com/watch?v=3sHMCRaS3ao
Furious 7	https://image.tmdb.org/t/p/w185/xTbSn1UHkyhY7BinfDQg83o3qjv.jpg	https://www.youtube.com/watch?v=5Yab0sXGEjg
Godzilla	https://image.tmdb.org/t/p/w185/szVwkB4H5yyOJBVuQ432b9boO0N.jpg	https://www.youtube.com/watch?v=I-EEqJ9HyTk
Guardians of the Galaxy	https://image.tmdb.org/t/p/w185/9gm3lL8JMTTmc3W4BmNMCuRLdL8.jpg	https://www.youtube.com/watch?v=crIaEzXgqto
The Hobbit: The Battle of the Five Armies	https://image.tmdb.org/t/p/w185/vgAHvS0bT3fpcpnJqT6uDTUsHTo.jpg	https://www.youtube.com/watch?v=iVAgTiBrrDA
Inherent Vice	https://image.tmdb.org/t/p/w185/2fCg6FORkgRLpFIKlUg4gULIn1u.jpg	https://www.youtube.com/watch?v=OUZgOQ186-A
Jurassic World	https://image.tmdb.org/t/p/w185/ce9vGDMexoihZ8ta3Zt60k4FChb.jpg	https://www.youtube.com/watch?v=RFinNxS5KN4
Mad Max: Fury Road	https://image.tmdb.org/t/p/w185/oQoIl0j4Lk6NFvOA0u7UREF8Sxm.jpg	https://www.youtube.com/watch?v=cdLl1GVjOrc
Star Wars: The Force Awakens	https://image.tmdb.org/t/p/w185/lPMLNr8IEvwRMy36sPd5Zw6dk6D.jpg	https://www.youtube.com/watch?v=erLk59H86ww
Tomorrowland	https://image.tmdb.org/t/p/w185/xB8VUQG82pjoStqqDVpgasV8Ku7.jpg	https://www.youtube.com/watch?v=1k59gXTWf-A
